job;salary;id;city;year;age
Повар;194619;1352384;Куэнка;2004;48
Косметолог;108541;7602275;Овьедо;2006;18
Продавец;48293;3432088;Хихон;2007;56
Продавец;130853;8399854;Краков;2008;53
Строитель;91298;8646387;Аликанте;2013;33
Водитель;32235;8415559;Вильнюс;2017;61
Врач;60315;9212378;Любляна;2006;27
Инженер;198209;4689991;Гранада;2000;57
Врач;89134;9183281;Эль-Пуэрто-де-Санта-Мария;2000;63
Программист;38436;7227841;Бланес;2019;29
Медсестра;190346;9881216;Будапешт;2010;41
Медсестра;50733;7306203;Хельсинки;2019;36
Продавец;52634;7175224;Тирана;2017;31
Оператор call-центра;95726;3702771;Хихон;1999;46
Бухгалтер;103400;6221836;Трухильо;2001;49
Инженер;120900;2682496;Душанбе;2018;64
Врач;22024;9868493;Картахена;2005;64
Продавец;132759;6275222;Семана;2003;42
Повар;27501;2674999;Луарка;2005;63
Бухгалтер;50299;9138171;Осера;1999;29
Повар;150749;1259184;Льейда;2022;39
Архитектор;95765;6130093;Тбилиси;2012;39
Врач;24157;7286739;Сантьяго-де-Компостела;2001;60
Бухгалтер;114740;7730920;Баку;2001;18
Повар;194205;9785681;Санхенхо;2005;24
Архитектор;146043;2991673;Рига;2002;36
Медсестра;137280;2158223;Хихон;1999;57
Программист;70223;8933942;Минск;2011;48
Менеджер;151265;3325869;Бланес;2016;33
Косметолог;185232;2722663;Севилья;2010;45
Психолог;48221;1648423;Санкт-Петербург;2022;64
IT-специалист;125820;6608950;Мартоса;2018;56
Продавец;131489;9637656;Сараево;2007;45
IT-специалист;69960;1426103;Вильнюс;2009;52
IT-специалист;71542;8236490;Минск;1999;53
Оператор call-центра;32004;7176911;Трухильо;2022;18
Архитектор;156017;8914810;Вильнюс;2014;47
Программист;48463;3366648;Лас-Росас;2022;36
Менеджер;146553;4864892;Виго;2000;39
IT-специалист;96834;9698844;Скопье;2022;51
Продавец;172611;1320623;Мерида;2007;54
Инженер;115266;4554500;Картахена;2002;40
Бухгалтер;179123;6612897;Санкт-Петербург;2001;39
Строитель;184106;6621243;Душанбе;2002;28
Строитель;102495;8285789;Бильбао;2004;54
Инженер;117392;4559340;Будапешт;1999;55
IT-специалист;50411;1665271;Белград;2019;29
Повар;26805;1790993;Картахена;2005;42
Косметолог;37411;7953840;Хельсинки;2000;26
Водитель;198203;6697617;Загреб;2010;39
Менеджер;197049;3183657;Краков;2017;35
IT-специалист;145702;8747577;Картахена;2004;28
Повар;158217;2068037;Бильбао;2006;40
Архитектор;86846;2510074;Таллин;2002;35
Продавец;73754;8520915;Навалькарнеро;2022;58
Водитель;154083;5166743;Скопье;2017;45
Врач;147174;1589585;Махадаонда;2020;46
Водитель;122248;3449424;Любляна;2006;58
Водитель;97530;7299543;Сьюдад-Реаль;2014;35
Косметолог;78686;8497583;Камбадос;2008;25
Архитектор;121231;9391647;Сараево;2015;47
Водитель;88925;4109672;Камбадос;2009;54
Медсестра;123312;4968269;Севилья;2017;64
Косметолог;97338;2550836;Тбилиси;2003;32
Продавец;51086;5477484;Луго;2010;27
Программист;143785;5094863;Махадаонда;1999;37
Программист;130982;6373278;Луго;2006;43
Архитектор;74992;9113881;Фигерас;2007;24
Строитель;23076;7496604;Ереван;2001;48
Психолог;38952;4899984;Лас-Росас;2018;55
Медсестра;24295;2877129;Сория;2007;65
Учитель;88891;1300136;Тбилиси;2006;33
Повар;126228;4700952;Махадаонда;2007;58
Повар;168393;2400167;Вальядолид;2010;37
Менеджер;189579;3711870;Любляна;2021;38
Бухгалтер;97798;2121994;Подгорица;2006;30
Повар;33790;4570723;Мерида;2010;40
Психолог;41447;3386801;Рига;2018;32
Инженер;120907;5190900;Эль-Пуэрто-де-Санта-Мария;2019;65
Строитель;77781;3844367;Мурсия;2005;39
IT-специалист;26632;5672543;Луарка;2008;64
Продавец;67846;7512171;Вроцлав;2020;18
Инженер;138755;8501201;Загреб;2004;29
Водитель;161685;3860920;Вроцлав;2002;50
Архитектор;56987;5398446;Подгорица;2009;22
Архитектор;129324;8214587;Картахена;2001;63
Медсестра;161796;5698197;София;2000;34
Водитель;105950;1205892;Санхенхо;2022;65
Оператор call-центра;148005;9640065;Афины;2016;55
Архитектор;116854;1399139;Астана;1999;63
Продавец;185067;2581023;Бургос;2014;20
Оператор call-центра;131632;3628607;Ереван;2009;30
Архитектор;29860;8095658;Гранада;2018;36
Косметолог;89252;4011256;Мурсия;2000;56
Строитель;177099;8879368;Аликанте;2003;31
Архитектор;52502;6855093;Сьюдад-Реаль;2010;36
Строитель;85609;1594837;Авилес;1999;35
Продавец;33169;3316984;Картахена;2016;52
Инженер;124981;1924135;Тирана;2004;24
Повар;186097;8845672;Малага;2015;51
Повар;75283;4359144;Сеговия;2014;54
Бухгалтер;166570;9882621;Афины;2017;26
Менеджер;103287;4802882;Скопье;2000;22
Водитель;22213;2536058;Алькала-де-Энарес;2004;44
Инженер;66750;9042317;Любляна;2015;51
Водитель;161892;8956648;Самора;2010;31
Бухгалтер;49637;2238169;Любляна;2001;38
Косметолог;155577;4687684;Краков;2001;29
Инженер;27654;1311767;Хихон;2010;24
Учитель;42033;4314613;Сория;2008;26
Косметолог;198858;1573095;Сьюдад-Реаль;2008;58
Программист;97930;4048275;Малага;2000;29
Учитель;110322;2127732;Любляна;2010;18
Водитель;108671;2545577;Сьюдад-Реаль;2000;45
Водитель;91470;2219450;Афины;2003;25
Инженер;96256;3939497;Баку;2021;59
Водитель;85466;6260368;Навалькарнеро;2002;27
Учитель;122468;9684222;Монсон;2013;61
Инженер;110480;6690723;Тбилиси;2020;39
Медсестра;77311;8944915;Баку;2007;28
Косметолог;148617;7501573;Луарка;2020;41
Архитектор;43445;4840365;Тбилиси;2016;58
IT-специалист;64627;6685229;Картахена;2009;25
Архитектор;140255;3480110;Бланес;2001;56
Врач;174670;4348699;Подгорица;2015;50
Менеджер;133724;3563115;Аликанте;2001;49
Строитель;46587;9822763;Лас-Росас;2013;54
Менеджер;57427;9566034;Пласенсия;2019;59
Повар;128788;8622372;Тарраса;1999;60
Учитель;77629;9734703;Гранада;2001;65
Инженер;53374;8226100;Санхенхо;2010;36
Бухгалтер;43793;3031790;Камбадос;2006;41
Оператор call-центра;53249;2294419;Эльче;2014;35
IT-специалист;128001;3767941;Навалькарнеро;2001;23
Менеджер;39680;6872671;Баку;2017;59
Учитель;108672;5458721;Мурсия;2005;61
Врач;122054;3227063;Бланес;2020;57
Продавец;174217;6540206;Вильявисиоса;2002;36
Инженер;76704;2577372;Пласенсия;2006;41
IT-специалист;118598;9809619;Сантьяго-де-Компостела;2009;48
Менеджер;85519;8022538;Картахена;2014;44
Продавец;54613;9836672;Камбадос;2011;24
Учитель;101630;3139497;Скопье;2009;32
Медсестра;186975;4075147;Эльче;2006;30
Водитель;185748;4449270;Хельсинки;2021;49
Строитель;77399;5765189;Кишинев;2020;61
Косметолог;63327;7342110;Санкт-Петербург;2019;51
Менеджер;195544;4601747;Севилья;2016;42
Оператор call-центра;107227;2286018;Сеговия;1999;21
Программист;66999;4872216;Варшава;2021;36
Менеджер;76146;8151885;Мерида;2015;36
Водитель;161848;4329023;Сория;2019;54
Продавец;98590;8046246;Бишкек;2010;41
Учитель;142238;1828152;Тудела;2017;42
Менеджер;94757;8424988;Сан-Себастьян;2015;63
Повар;145753;1866683;Осера;2014;42
Косметолог;116483;5613265;Ташкент;2017;34
Программист;107540;9629025;Картахена;2006;51
Бухгалтер;156073;8556660;Касерес;2020;52
Медсестра;73621;9711649;Мартоса;2011;62
Психолог;159856;3916730;Астана;2017;37
Менеджер;32190;6906358;Камбадос;2005;43
Архитектор;197509;6360360;Сеговия;2008;26
Косметолог;87731;1162972;Краков;2002;59
Повар;75320;9983479;Баку;2003;35
Косметолог;190269;3464341;Сеговия;2021;42
Бухгалтер;181162;3243421;Лас-Росас;2003;50
Архитектор;96938;5971767;Рига;2021;46
Архитектор;52872;2974959;Москва;2007;41
Косметолог;25072;8872131;Севилья;2013;55
Оператор call-центра;189201;2166838;Мадрид;2002;38
Инженер;142069;2192999;Авилес;2015;22
Менеджер;28511;9760925;Подгорица;2021;30
Водитель;46429;1159213;Гранада;2000;36
Инженер;111620;2926049;Сантьяго-де-Компостела;2022;27
Бухгалтер;192461;9538502;Сеговия;2012;19
Водитель;89112;3805792;Малага;2015;53
Водитель;187440;1540659;Краков;2002;64
Программист;177619;1657030;Луго;2004;21
Программист;150779;8471673;Алма-Ата;2009;20
Повар;186035;5188324;Минск;2014;27
Инженер;186034;9138130;Кордова;2007;35
Повар;81599;3921195;Сан-Себастьян;2010;55
Учитель;22679;1327207;Льейда;2020;26
Повар;193590;2378484;Прага;2006;18
Оператор call-центра;127246;7336794;Малага;2003;60
Инженер;90156;3620983;Эль-Пуэрто-де-Санта-Мария;2018;39
Архитектор;90360;7072669;Мартоса;2022;32
Психолог;80027;8669595;Ла-Корунья;2006;63
Оператор call-центра;168398;1346278;Малага;2011;21
Психолог;167322;1030790;Навалькарнеро;2003;37
Косметолог;52286;5536288;Бургос;2000;22
Учитель;22126;8916579;Будапешт;2017;25
Инженер;182611;4987437;Кордова;2019;60
Инженер;147164;6700972;Бланес;2019;60
Менеджер;43915;1429586;Будапешт;2014;40
Психолог;112430;1760344;Фигерас;2014;44
Медсестра;133729;2847533;Хихон;2016;52
Архитектор;91471;5876169;Виго;2003;31
IT-специалист;79131;8536615;Рига;2004;61
Менеджер;193566;3937297;Гранада;2003;46
Повар;106449;9824851;Санхенхо;2002;59
Косметолог;181813;5625744;Прага;2005;45
Бухгалтер;159422;6307210;Севилья;2006;47
Программист;71659;7704161;Луарка;2001;45
IT-специалист;154444;2812117;Вальядолид;2021;47
Косметолог;168369;1649150;Тудела;2017;43
Учитель;76582;4173743;Луго;2004;40
Медсестра;116337;1511129;Барселона;2009;24
Инженер;158768;4465916;Москва;2005;28
Программист;142197;8911178;Белград;2012;50
Менеджер;21610;3883362;Эль-Пуэрто-де-Санта-Мария;2014;24
Строитель;115865;7182243;Хихон;2008;57
Психолог;199068;3599172;Сьюдад-Реаль;2018;48
Медсестра;159547;7978998;Пласенсия;1999;56
Оператор call-центра;88971;8683838;Лас-Росас;2013;47
Инженер;63591;5808444;Камбадос;2017;43
Врач;29399;8598736;Камбадос;2004;38
Водитель;47711;5888108;Мартоса;1999;56
Продавец;123366;4153114;Фигерас;2004;43
Психолог;193135;1036709;Астана;2014;40
Строитель;60034;7341046;Мурсия;2013;43
Оператор call-центра;91856;6567493;Хихон;2005;60
Продавец;38994;8157934;Вальядолид;2008;47
Строитель;20315;7951189;Осера;2022;28
Косметолог;58512;1240350;Фигерас;2003;20
Строитель;24016;2933315;Белград;2008;26
Менеджер;175589;5542432;Бургос;2003;49
Архитектор;142678;8293412;Бургос;2021;51
Повар;23109;4019123;Фигерас;2014;41
Врач;62879;4174844;Гранада;2012;62
Продавец;48632;1148256;Бишкек;2014;30
Косметолог;141489;5165913;Касерес;2018;48
Программист;81472;6688621;Ла-Корунья;2007;31
IT-специалист;120543;8049716;Алькала-де-Энарес;2015;39
Учитель;72263;8507453;Сантьяго-де-Компостела;2013;29
Повар;176881;4713905;Тирана;2014;58
Архитектор;148336;6208638;Тирана;2014;56
Повар;34243;7652386;Сантьяго-де-Компостела;2013;18
Повар;102625;6516222;Афины;2015;61
Бухгалтер;36497;7945992;Сьюдад-Реаль;2022;24
Архитектор;51737;8344416;Артейхо;2002;47
Продавец;38632;8947638;Ташкент;2008;39
Врач;196825;8431601;Семана;2007;35
Программист;125059;4514378;Кадакес;1999;43
Психолог;55841;2859000;Бланес;2011;41
Водитель;59937;7281635;Семана;2010;42
Повар;38398;6634577;Будапешт;2021;29
Психолог;45820;4446704;Сеговия;2011;65
Повар;85880;6022505;Скопье;2014;45
Учитель;184181;9887361;Белград;2001;26
Архитектор;57000;2484549;Санхенхо;2006;26
Врач;124432;8566049;Валенсия;2022;62
Учитель;21266;4869129;Санхенхо;2021;25
Строитель;104432;9747749;Кадакес;1999;59
Инженер;170269;6559644;Бланес;2010;43
Инженер;84054;8513291;Будапешт;2019;18
Бухгалтер;192171;1681997;Монсон;2004;37
Архитектор;169352;6858655;Вроцлав;2003;46
Продавец;66271;9010133;Сантьяго-де-Компостела;2003;61
Косметолог;67634;5015115;Махадаонда;2010;63
Медсестра;74882;7694236;Алма-Ата;2009;33
Психолог;99756;2681106;Сантьяго-де-Компостела;2006;49
Оператор call-центра;161957;1934076;Вильнюс;2006;41
Менеджер;191641;9377765;Монсон;2009;47
Повар;35478;7599786;Луарка;2007;35
Учитель;142597;4709285;Касерес;2007;20
Психолог;87352;5019679;Баку;2009;40
Повар;146380;5047851;Москва;2013;37
Водитель;196568;2095894;Душанбе;2010;25
Архитектор;74822;5977374;Алькала-де-Энарес;2000;49
Водитель;79468;9945111;Валенсия;2019;53
Водитель;197574;3216763;Подгорица;2002;38
Продавец;52101;2845254;Кишинев;2018;22
IT-специалист;135907;4567832;Минск;2020;52
Строитель;179876;1810156;Таллин;2021;24
Психолог;142430;3991593;Эль-Пуэрто-де-Санта-Мария;2007;44
Медсестра;192059;8624270;Семана;2000;22
Медсестра;127903;2554198;Тудела;2017;51
Инженер;28773;5559262;Тудела;2018;63
Косметолог;124967;3910651;Алькала-де-Энарес;2018;40
Программист;91047;8060087;Белград;2016;43
Продавец;107237;9270223;Алькала-де-Энарес;2004;26
Архитектор;88579;7299663;Варшава;2018;23
Менеджер;106759;1004775;Махадаонда;2002;63
Косметолог;82701;4021517;Алькала-де-Энарес;2014;31
IT-специалист;102870;5279193;Санкт-Петербург;2013;19
Психолог;178207;5125196;Тирана;2007;51
Архитектор;74022;8378113;Тбилиси;2019;37
Водитель;55009;9235092;Навалькарнеро;2000;37
Косметолог;133258;3699059;Луго;2007;22
Косметолог;119832;1879003;Минск;2001;39
Повар;62651;5702746;Хихон;2002;56
Косметолог;77007;8868532;Куэнка;2009;25
Косметолог;133622;7905029;Кишинев;2012;20
IT-специалист;168765;5531037;Кишинев;2008;49
Косметолог;187915;7821626;Минск;2013;27
Учитель;177628;8920760;Душанбе;2018;63
Инженер;104200;8700431;Будапешт;2020;39
Врач;88893;3268733;Самора;2020;52
Менеджер;183684;8245983;Мерида;2008;42
Инженер;40556;8074942;Прага;2008;60
Инженер;163995;9938338;Луарка;2014;33
Бухгалтер;181964;1175253;Монсон;2007;22
Косметолог;176303;3594505;Эльче;2007;60
Бухгалтер;95876;9563515;Минск;2000;51
Психолог;65572;9986925;Бланес;2005;36
Программист;46743;5703144;Алма-Ата;2005;65
Инженер;188229;5765054;Вильявисиоса;2000;18
Врач;61148;2243146;Тарраса;2022;42
Водитель;118020;2690545;Сантьяго-де-Компостела;2014;41
Продавец;57731;3517573;Белград;2020;37
Водитель;149833;8952037;Санкт-Петербург;2019;19
Косметолог;194924;8955348;Бильбао;2011;47
Учитель;132802;4598174;Трухильо;2010;41
Повар;103457;9832611;Авилес;2003;37
Учитель;178434;5717705;Фигерас;2016;21
Архитектор;185416;2027219;Алькала-де-Энарес;2010;40
Врач;188882;2730047;Санкт-Петербург;1999;31
Оператор call-центра;77355;3007503;Варшава;2014;54
IT-специалист;133982;8264153;Сьюдад-Реаль;2003;33
IT-специалист;74709;9218403;Сараево;2021;19
Бухгалтер;197840;5472453;Луарка;2010;32
Менеджер;91329;6068594;Вильнюс;2012;54
Продавец;188046;1694684;Бургос;2002;56
Психолог;186724;9117304;Вроцлав;2019;60
Медсестра;106316;4845360;Бильбао;2006;62
Оператор call-центра;98510;1773468;Тбилиси;2005;56
Косметолог;141152;2191589;Вальядолид;1999;41
Косметолог;46351;3699691;Вильнюс;2020;50
Водитель;88655;8982697;Осера;2013;22
Архитектор;25113;9485324;Артейхо;2006;33
IT-специалист;105364;5243591;Ла-Корунья;2018;27
Бухгалтер;125510;1653770;Сьюдад-Реаль;2003;24
Бухгалтер;80875;3689792;Бильбао;2017;39
IT-специалист;106122;8699499;Сеговия;1999;30
Оператор call-центра;51979;7631553;Бишкек;2016;47
Водитель;58640;2396554;Луго;2017;28
Строитель;150164;1203528;Махадаонда;2012;65
Инженер;188255;9902017;Алькала-де-Энарес;2013;61
Менеджер;102393;7446974;София;2003;26
Водитель;20026;7887998;Хельсинки;2009;59
Учитель;61167;7341136;Луарка;2005;27
Архитектор;20667;9743580;Махадаонда;1999;44
Врач;102319;1548983;Луарка;2008;18
Медсестра;89498;6510839;Бишкек;2005;63
Оператор call-центра;182007;9608020;Аликанте;2011;21
Оператор call-центра;32023;2591397;Тирана;2014;22
Косметолог;37674;8574192;Ташкент;2017;41
Косметолог;111027;6305482;Вильнюс;2001;43
Менеджер;75381;8809415;Фигерас;2019;62
Строитель;179032;4971160;Навалькарнеро;2000;18
Учитель;124830;5180048;Таллин;2018;42
Врач;123132;1530572;Валенсия;2013;41
Строитель;49897;7041884;Будапешт;2008;61
Строитель;196488;8021495;Будапешт;2015;41
Инженер;192215;7304432;Тбилиси;2010;53
Программист;169285;7015511;Артейхо;2016;28
Медсестра;131266;5217954;Севилья;2001;36
Инженер;183106;8964694;Белград;2021;60
Водитель;58704;4965571;Осера;2014;55
Косметолог;72337;5931318;Фигерас;2013;32
Психолог;102583;8385369;Касерес;2015;23
Психолог;87873;5682098;Хихон;2004;45
Программист;128050;8561256;Афины;2022;51
Программист;53319;7120603;Кишинев;2009;59
Менеджер;152412;9524532;Осера;2016;59
Оператор call-центра;71864;2767847;Тирана;2018;45
Медсестра;140879;1080637;Ташкент;2017;50
Продавец;171921;6624607;Сан-Себастьян;2014;34
Бухгалтер;135056;5186551;Хихон;2000;29
Строитель;28987;8806758;Махадаонда;2005;55
IT-специалист;84414;6595837;Эль-Пуэрто-де-Санта-Мария;2002;60
Строитель;130608;4960834;Луго;2008;26
Программист;181884;1112939;Гранада;2010;18
Строитель;141086;8621560;Семана;2003;59
Оператор call-центра;112344;3686249;Сеговия;2017;23
Оператор call-центра;189122;2173236;Эльче;2012;63
Оператор call-центра;140740;5016087;Подгорица;2012;49
Продавец;42649;1379656;Мадрид;2021;63
Бухгалтер;126579;3125482;Вроцлав;2001;32
Психолог;118520;6120936;Мурсия;2011;40
Оператор call-центра;176741;6810715;Минск;2011;44
Оператор call-центра;150461;2822624;Астана;2010;48
Инженер;88366;2737826;Хихон;2013;61
Психолог;119379;6018713;Камбадос;2018;43
Менеджер;136071;8340529;Мадрид;2017;20
Программист;168286;1723433;Минск;2017;52
Бухгалтер;77719;5161609;Самора;2022;25
Менеджер;71162;9268876;Рига;2001;27
Продавец;79565;2457469;Алькала-де-Энарес;2014;65
Косметолог;197476;8172548;Тирана;2022;44
Бухгалтер;162317;4850034;Семана;2016;20
Программист;152306;4970134;Бишкек;2001;39
Водитель;181969;3754585;Осера;2014;40
Менеджер;94299;2147301;Мерида;2021;51
Строитель;113479;4190579;Рига;2014;18
Повар;62396;5290159;Минск;2004;23
IT-специалист;39746;9397930;Авилес;2006;58
Бухгалтер;54894;6970753;Тудела;2014;46
Продавец;121616;9032809;Осера;2019;37
Продавец;46888;9886096;Самора;2006;50
Врач;117150;7483810;Сантьяго-де-Компостела;2018;43
Повар;91599;6364650;Гранада;2007;49
Строитель;69088;7515565;Мадрид;2022;48
Психолог;167174;8642858;Подгорица;2022;44
IT-специалист;27048;7538557;Мадрид;2014;46
Бухгалтер;141761;2614735;Бишкек;2018;20
Строитель;74830;9496003;Алма-Ата;2022;43
Водитель;48369;1151178;Куэнка;2005;18
Психолог;43609;1939021;Монсон;2019;18
Программист;151291;3527809;Мурсия;2021;23
Медсестра;32358;4521479;Барселона;2020;29
Учитель;141144;3536942;Луго;2008;59
Инженер;94346;2553381;Овьедо;2019;47
Архитектор;119220;5856423;Сараево;2013;50
Продавец;137535;7603013;Ла-Корунья;2015;64
IT-специалист;21523;7155412;Сантьяго-де-Компостела;2002;35
Программист;20700;9070378;Бильбао;2016;55
IT-специалист;104178;2226751;Кордова;2009;18
Психолог;167623;6819936;Москва;2021;38
Архитектор;104894;2971645;Трухильо;2008;18
Менеджер;33421;4995529;Алма-Ата;2009;51
Оператор call-центра;45536;9396088;Мерида;2015;60
Бухгалтер;26294;8829270;Сеговия;2013;47
Менеджер;62965;4754092;Гранада;2003;23
Продавец;120854;6994961;Ереван;2013;40
Программист;72612;8922417;Ла-Корунья;2020;40
Строитель;197350;3396101;Ла-Корунья;2021;42
Оператор call-центра;136799;8639779;Бургос;2015;20
Медсестра;139269;6786186;Навалькарнеро;2002;61
Программист;77116;5557283;Ташкент;2001;30
Инженер;165474;5752816;Махадаонда;2006;24
Водитель;84997;1982490;Афины;2009;64
Менеджер;92569;4227055;Ташкент;2009;61
Архитектор;71147;6912352;Хихон;2020;18
Строитель;61816;9509990;Москва;2015;39
Менеджер;37394;5782410;Махадаонда;2021;44
Повар;177414;3389477;Ташкент;2012;65
Врач;107782;4981962;Таллин;2014;23
Программист;107847;9758340;Минск;2008;49
Оператор call-центра;33233;8243728;Кордова;2019;49
Продавец;170648;8392474;Таллин;2008;40
Продавец;100092;5491913;Фигерас;2015;25
IT-специалист;33569;4411475;София;2018;64
Менеджер;58103;3005283;Виго;2011;25
Продавец;112536;7244418;Ереван;2011;39
Повар;42865;8016159;Ереван;2010;34
Врач;187474;6382396;Будапешт;2001;56
Медсестра;106753;9390240;Барселона;2022;18
IT-специалист;43120;4188013;Кишинев;2022;30
Повар;120847;5635979;Касерес;2022;36
Водитель;145592;5143869;Хельсинки;2010;18
Инженер;53381;5271923;Рига;2017;20
Косметолог;120456;6718858;Кадакес;2002;38
Повар;94117;2292135;Осера;2007;56
Медсестра;179145;5091821;Луарка;2014;24
Водитель;25532;9322847;Бильбао;2019;65
Программист;171440;8297514;Бильбао;2022;50
Менеджер;21585;5936679;Виго;2019;46
Программист;193595;8224681;Семана;2012;26
Бухгалтер;39750;2932412;Касерес;2001;25
Врач;35022;8033626;Хихон;2016;49
Программист;56094;4863178;Кадакес;2019;50
IT-специалист;169607;4276387;Осера;2014;42
Архитектор;100678;8494733;Фигерас;2001;44
Продавец;20010;8785419;Санхенхо;2019;33
Строитель;27014;9921734;София;2015;62
Косметолог;149869;5711502;Вроцлав;2016;55
Косметолог;91863;4300139;Куэнка;2012;59
Оператор call-центра;34991;5602374;Эльче;2002;48
Учитель;112731;7787602;Сория;2011;58
Водитель;132771;3239490;Навалькарнеро;2019;33
Архитектор;81897;3409228;Монсон;2015;60
Медсестра;29171;7046021;Москва;2022;51
Косметолог;98670;1671598;Пласенсия;2020;50
Учитель;155073;4707869;Мерида;2009;48
Водитель;106347;8125519;Вальядолид;2020;39
Повар;165576;9763984;Таллин;2016;55
Врач;39325;8224931;Самора;2015;27
IT-специалист;44198;7926673;Мурсия;2007;23
Водитель;110938;8716919;Санхенхо;2002;53
Повар;126319;4051969;Вальядолид;2009;56
Косметолог;120927;8136285;Льейда;2019;65
Оператор call-центра;166084;8821339;Хихон;2003;47
Оператор call-центра;70677;5777088;Барселона;1999;53
Продавец;27819;4808067;Бургос;2015;57
Инженер;34168;9988778;Хихон;2002;43
Оператор call-центра;84305;6835465;Трухильо;2001;27
Программист;49653;2277458;Пласенсия;2019;52
Строитель;70005;1541505;Ла-Корунья;2009;44
Менеджер;155507;8652721;Тарраса;2000;22
Водитель;138697;9551516;Валенсия;2011;61
Бухгалтер;39364;5701203;Камбадос;2008;55
IT-специалист;54135;6851689;Аликанте;2008;37
Повар;22739;2171646;Кадакес;1999;30
Бухгалтер;156015;9175819;Ереван;2014;19
Продавец;191702;4795550;Виго;2011;26
Врач;104672;2493092;Луарка;2002;32
Менеджер;79293;9085292;Санхенхо;2016;37
Психолог;171339;9598468;Барселона;2002;21
Менеджер;53510;7815207;Загреб;2011;28
Медсестра;93206;4459052;Астана;2015;40
Строитель;153720;9101300;Камбадос;1999;41
Строитель;116713;9446187;Вильнюс;2006;60
Повар;157102;1803372;Льейда;2015;38
Продавец;138588;9857885;Камбадос;2010;48
Продавец;171082;7389876;Кишинев;2021;46
Менеджер;190136;5680078;Прага;2021;38
Продавец;28669;8130973;Куэнка;2004;65
Психолог;76388;7867192;Сан-Себастьян;2004;31
Повар;28629;9427625;Сеговия;2007;34
Учитель;84013;4088218;Виго;2011;53
Бухгалтер;166805;5510857;Санхенхо;2003;27
Водитель;167281;7708340;Осера;2018;43
Инженер;136926;3574777;Ташкент;2009;42
Медсестра;45439;4039027;Монсон;2018;53
Архитектор;108183;9621450;Вроцлав;2007;25
Врач;42537;4944829;Белград;1999;32
Врач;27877;4522588;Санхенхо;2010;36
Врач;83657;1610112;Тарраса;2022;41
Продавец;126708;6269632;Малага;2000;51
Оператор call-центра;125041;3293820;Тбилиси;2002;58
Медсестра;151317;4174149;Минск;2019;51
Повар;83153;8797730;Будапешт;2011;51
Учитель;142813;1359547;Варшава;2013;63
Оператор call-центра;62241;3866811;Эльче;2022;26
Учитель;83248;5194848;Аликанте;2008;23
Продавец;31868;7385527;Минск;2015;36
Психолог;54730;8925341;Сеговия;2002;24
Программист;66320;7721938;Хихон;2018;44
Менеджер;137333;9902644;Навалькарнеро;2005;59
Психолог;182957;6325783;Севилья;2022;41
Психолог;121501;2769647;Тбилиси;2007;56
Продавец;158358;8557249;Сория;2018;30
Продавец;86919;2591813;Фигерас;2018;21
IT-специалист;36966;1352847;Белград;2002;55
Программист;97809;2226694;Махадаонда;2005;21
Врач;168175;4700597;Кадакес;2011;53
Водитель;142856;5578496;Эльче;2016;62
Повар;25439;3879230;София;2013;22
Менеджер;158624;9192531;Бланес;2017;55
Оператор call-центра;159544;8588611;Алма-Ата;2017;48
Учитель;140310;8364903;Вильнюс;2011;30
Строитель;79017;1565673;Москва;2000;53
Косметолог;180288;4697585;Артейхо;2007;47
Архитектор;144656;7441668;Сантьяго-де-Компостела;2022;31
Продавец;177773;2796236;Осера;2013;24
Врач;28147;3350487;Самора;2008;24
IT-специалист;37600;6200584;Вильявисиоса;2015;45
Инженер;134963;4942704;Алма-Ата;2013;32
Учитель;93332;8888503;Кадакес;2017;24
Архитектор;177099;5078916;Пласенсия;2004;51
Строитель;102355;6396992;Астана;2011;32
Водитель;35272;1838947;Кадакес;2002;51
Бухгалтер;29602;5282815;Варшава;2000;55
Врач;100312;9475257;Тудела;2008;57
Менеджер;176030;3027917;Камбадос;2022;60
Психолог;151999;4663347;София;2013;28
Врач;181450;4851362;Ла-Корунья;2001;54
Оператор call-центра;23417;3298245;Сьюдад-Реаль;2010;58
Косметолог;155836;1314965;Будапешт;2011;64
Психолог;158124;6929454;Ташкент;2013;24
Повар;194483;3838994;Бишкек;2013;36
Строитель;136929;3477432;Тирана;2014;20
Медсестра;90250;7572932;Луго;2017;39
Строитель;128952;4048500;Эльче;2002;48
Менеджер;83927;4467763;Бишкек;2019;38
Медсестра;121957;7940634;Сараево;2019;34
Менеджер;188152;3106257;Краков;2013;35
Менеджер;89636;2206311;Сория;2002;28
Водитель;174680;9143820;Сараево;2017;34
Медсестра;160924;3820257;Тирана;1999;39
Медсестра;60458;6174055;Бишкек;2015;20
Инженер;91903;8890744;Махадаонда;2020;48
Архитектор;181262;3325581;Касерес;2000;19
Оператор call-центра;145674;4515776;Камбадос;2004;47
Архитектор;50656;7575172;Хельсинки;2010;21
Врач;117517;3399206;София;2020;46
Инженер;180986;2864661;Луарка;2004;65
Бухгалтер;138363;5837791;Тбилиси;2020;20
Врач;60972;3737606;Аликанте;2005;19
Продавец;112220;2967925;Сория;2007;19
Продавец;127290;2723543;Пласенсия;2001;53
Учитель;62893;7169188;Авилес;2017;63
Повар;84310;6322496;Астана;2017;23
Архитектор;61127;4552219;Виго;2001;20
Оператор call-центра;130176;9930161;Лас-Росас;2001;51
IT-специалист;29046;3617506;Бишкек;2008;27
Медсестра;184985;9615217;Скопье;2020;31
IT-специалист;179636;4136687;Бургос;2016;58
Врач;102118;7847007;Артейхо;2013;51
Инженер;60688;6889513;Белград;2010;41
Строитель;78121;3821026;Махадаонда;2017;37
Продавец;79934;9175801;Санкт-Петербург;2012;38
Медсестра;83192;6564620;Самора;2006;21
Программист;112703;8304502;Мерида;2012;61
Менеджер;84418;1526629;Гранада;2004;46
Менеджер;167334;2013923;Малага;2002;25
Продавец;181115;1781514;Афины;2012;27
